whois,reputation,indicator,type,type_title,base_indicator,pulse_info,false_positive,validation,asn,city_data,city,region,continent_code,country_code3,country_code2,subdivision,latitude,postal_code,longitude,accuracy_radius,country_code,country_name,dma_code,charset,area_code,flag_url,flag_title,sections
http://whois.domaintools.com/175.103.43.90,0,175.103.43.90,IPv4,IPv4,{},"{'count': 0, 'pulses': [], 'references': [], 'related': {'alienvault': {'adversary': [], 'malware_families': [], 'industries': []}, 'other': {'adversary': [], 'malware_families': [], 'industries': []}}}",[],[],AS38320 pt maxindo mitra solusi,True,Jakarta,JK,AS,IDN,ID,JK,-6.1741,,106.8296,1000,ID,Indonesia,0,0,0,/assets/images/flags/id.png,Indonesia,"['general', 'geo', 'reputation', 'url_list', 'passive_dns', 'malware', 'nids_list', 'http_scans']"
http://whois.domaintools.com/43.192.80.126,0,43.192.80.126,IPv4,IPv4,{},"{'count': 0, 'pulses': [], 'references': [], 'related': {'alienvault': {'adversary': [], 'malware_families': [], 'industries': []}, 'other': {'adversary': [], 'malware_families': [], 'industries': []}}}",[],[],ASNone ,True,,,NA,USA,US,,37.751,,-97.822,1000,US,United States of America,0,0,0,/assets/images/flags/us.png,United States of America,"['general', 'geo', 'reputation', 'url_list', 'passive_dns', 'malware', 'nids_list', 'http_scans']"
http://whois.domaintools.com/52.83.42.219,0,52.83.42.219,IPv4,IPv4,{},"{'count': 0, 'pulses': [], 'references': [], 'related': {'alienvault': {'adversary': [], 'malware_families': [], 'industries': []}, 'other': {'adversary': [], 'malware_families': [], 'industries': []}}}",[],"[{'source': 'cloud', 'message': 'In cloud provider range: provider=AWS', 'name': 'Cloud Provider IP range'}]",AS135629 ningxia west cloud data technology co.ltd.,True,Guangzhou,GD,AS,CHN,CN,GD,23.1181,,113.2539,100,CN,China,0,0,0,/assets/images/flags/cn.png,China,"['general', 'geo', 'reputation', 'url_list', 'passive_dns', 'malware', 'nids_list', 'http_scans']"
http://whois.domaintools.com/68.79.44.217,0,68.79.44.217,IPv4,IPv4,{},"{'count': 0, 'pulses': [], 'references': [], 'related': {'alienvault': {'adversary': [], 'malware_families': [], 'industries': []}, 'other': {'adversary': [], 'malware_families': [], 'industries': []}}}",[],"[{'source': 'cloud', 'message': 'In cloud provider range: provider=AWS', 'name': 'Cloud Provider IP range'}]",AS135629 ningxia west cloud data technology co.ltd.,True,Ningxia Hui Autonomous Region,NX,AS,CHN,CN,NX,37.2534,,105.9976,1,CN,China,0,0,0,/assets/images/flags/cn.png,China,"['general', 'geo', 'reputation', 'url_list', 'passive_dns', 'malware', 'nids_list', 'http_scans']"
http://whois.domaintools.com/52.83.163.102,0,52.83.163.102,IPv4,IPv4,{},"{'count': 0, 'pulses': [], 'references': [], 'related': {'alienvault': {'adversary': [], 'malware_families': [], 'industries': []}, 'other': {'adversary': [], 'malware_families': [], 'industries': []}}}",[],"[{'source': 'cloud', 'message': 'In cloud provider range: provider=AWS', 'name': 'Cloud Provider IP range'}]",AS135629 ningxia west cloud data technology co.ltd.,True,Guangzhou,GD,AS,CHN,CN,GD,23.1181,,113.2539,1,CN,China,0,0,0,/assets/images/flags/cn.png,China,"['general', 'geo', 'reputation', 'url_list', 'passive_dns', 'malware', 'nids_list', 'http_scans']"
http://whois.domaintools.com/43.192.93.193,0,43.192.93.193,IPv4,IPv4,{},"{'count': 0, 'pulses': [], 'references': [], 'related': {'alienvault': {'adversary': [], 'malware_families': [], 'industries': []}, 'other': {'adversary': [], 'malware_families': [], 'industries': []}}}",[],[],ASNone ,True,,,NA,USA,US,,37.751,,-97.822,1000,US,United States of America,0,0,0,/assets/images/flags/us.png,United States of America,"['general', 'geo', 'reputation', 'url_list', 'passive_dns', 'malware', 'nids_list', 'http_scans']"
http://whois.domaintools.com/52.82.15.152,0,52.82.15.152,IPv4,IPv4,{},"{'count': 0, 'pulses': [], 'references': [], 'related': {'alienvault': {'adversary': [], 'malware_families': [], 'industries': []}, 'other': {'adversary': [], 'malware_families': [], 'industries': []}}}",[],"[{'source': 'cloud', 'message': 'In cloud provider range: provider=AWS', 'name': 'Cloud Provider IP range'}]",AS135629 ningxia west cloud data technology co.ltd.,True,Guangzhou,GD,AS,CHN,CN,GD,23.1181,,113.2539,100,CN,China,0,0,0,/assets/images/flags/cn.png,China,"['general', 'geo', 'reputation', 'url_list', 'passive_dns', 'malware', 'nids_list', 'http_scans']"
http://whois.domaintools.com/35.190.80.1,0,35.190.80.1,IPv4,IPv4,"{'id': 2897600444, 'indicator': '35.190.80.1', 'type': 'IPv4', 'title': '', 'description': '', 'content': '', 'access_type': 'public', 'access_reason': ''}","{'count': 9, 'pulses': [{'id': '651e79f50ce42abe29702324', 'name': 'Qakbot attacks. As strong as before?', 'description': 'command and control\nRedlinestealer\nQakbot\nNoName057\nAzorult\nBlack Rat\nbrowser malware  \nBanker\nTheft\nPhishing', 'modified': '2023-10-05T08:55:16.736000', 'created': '2023-10-05T08:55:16.736000', 'tags': ['blacklist https', 'rstunf', 'tad436770', 'united', 'anonymizer', 'mail spammer', 'malicious host', 'cyber threat', 'heur', 'phishing', 'malware', 'team', 'control server', 'qakbot', 'redline stealer', 'malicious', 'asyncrat', 'cobalt strike', 'download', 'cisco umbrella', 'site', 'safe site', 'malicious url', 'paypal', 'team phishing', 'detection list', 'blacklist', 'azorult', 'service', 'runescape', 'facebook', 'bank', 'alexa', 'blacknet rat', 'stealer', 'noname057', 'ip summary', 'url summary', 'summary', 'sample', 'samples', 'attack', 'tsara', 'tsara brashears', 'boeing', 'apple id', 'samsung', 'telegrafix', 'trellian', 'dumping', 'fiies shared', 'browser malware', 'cyber criminal', 'cyber crime', 'brashears', 'hybrid', 'analysis'], 'references': [], 'public': 1, 'adversary': 'Qakbot', 'targeted_countries': ['United States of America', 'Japan', 'Argentina'], 'malware_families': [], 'attack_ids': [{'id': 'T1176', 'name': 'Browser Extensions', 'display_name': 'T1176 - Browser Extensions'}, {'id': 'T1027', 'name': 'Obfuscated Files or Information', 'display_name': 'T1027 - Obfuscated Files or Information'}], 'industries': [], 'TLP': 'white', 'cloned_from': None, 'export_count': 18, 'upvotes_count': 0, 'downvotes_count': 0, 'votes_count': 0, 'locked': False, 'pulse_source': 'web', 'validator_count': 0, 'comment_count': 0, 'follower_count': 0, 'vote': 0, 'author': {'username': 'scoreblue', 'id': '254100', 'avatar_url': 'https://otx.alienvault.com/assets/images/default-avatar.png', 'is_subscribed': False, 'is_following': False}, 'indicator_type_counts': {'URL': 3016, 'domain': 620, 'hostname': 1177, 'IPv4': 146, 'FileHash-MD5': 519, 'FileHash-SHA1': 292, 'FileHash-SHA256': 2150, 'CVE': 1}, 'indicator_count': 7921, 'is_author': False, 'is_subscribing': None, 'subscriber_count': 9, 'modified_text': '3 days ago ', 'is_modified': False, 'groups': [], 'in_group': False, 'threat_hunter_scannable': True, 'threat_hunter_has_agents': 1, 'related_indicator_type': 'IPv4', 'related_indicator_is_active': 1}, {'id': '6431200f49228074de68009b', 'name': 'v4 - and a bit more yad2-js.nagich.co.il', 'description': '', 'modified': '2023-05-08T07:02:10.558000', 'created': '2023-04-08T08:04:31.708000', 'tags': ['ansi', 'pcap processing', 'pcap frame', 'pcap', 'united', 'unicode', 'date', 'threat level', 'hash seen', 'suspicious', 'qakbot', 'yad2-js.nagich.co.il'], 'references': ['https://www.virustotal.com/graph/g9b4ed0fc63264fffaaaf48e3e15b5e8206c3a855780244ac96c17b388b99144b', 'https://hybrid-analysis.com/sample/d0575e4cea70f4b5dc0b5195230f4cc7094348cc2816503743a491237c8dad33/6430ce66c0fcdd65900db340', 'https://www.tiuli.com/special/19/%D7%98%D7%99%D7%95%D7%9C%D7%99-%D7%97%D7%91%D7%A8-%D7%94?video=Qrmt4JW6WpQ'], 'public': 1, 'adversary': '', 'targeted_countries': [], 'malware_families': [], 'attack_ids': [{'id': 'T1071', 'name': 'Application Layer Protocol', 'display_name': 'T1071 - Application Layer Protocol'}, {'id': 'T1083', 'name': 'File and Directory Discovery', 'display_name': 'T1083 - File and Directory Discovery'}, {'id': 'T1105', 'name': 'Ingress Tool Transfer', 'display_name': 'T1105 - Ingress Tool Transfer'}, {'id': 'T1574', 'name': 'Hijack Execution Flow', 'display_name': 'T1574 - Hijack Execution Flow'}], 'industries': [], 'TLP': 'white', 'cloned_from': None, 'export_count': 2, 'upvotes_count': 0, 'downvotes_count': 0, 'votes_count': 0, 'locked': False, 'pulse_source': 'web', 'validator_count': 0, 'comment_count': 0, 'follower_count': 0, 'vote': 0, 'author': {'username': 'callmeDoris', 'id': '205385', 'avatar_url': 'https://otx.alienvault.com/assets/images/default-avatar.png', 'is_subscribed': False, 'is_following': False}, 'indicator_type_counts': {'URL': 561, 'hostname': 146, 'domain': 140, 'FileHash-SHA256': 363, 'email': 3, 'FileHash-MD5': 102, 'FileHash-SHA1': 99}, 'indicator_count': 1414, 'is_author': False, 'is_subscribing': None, 'subscriber_count': 50, 'modified_text': '154 days ago ', 'is_modified': True, 'groups': [], 'in_group': False, 'threat_hunter_scannable': True, 'threat_hunter_has_agents': 1, 'related_indicator_type': 'IPv4', 'related_indicator_is_active': 0}, {'id': '6430dfed2b3b3f93d5a7cc19', 'name': ':v3 - and the rest.... - www.tiuli.com/image/a057f08d1d773ab75e116ba4fffc595f.jpg?width=1080&#039;', 'description': '', 'modified': '2023-05-08T02:00:47.680000', 'created': '2023-04-08T03:30:53.195000', 'tags': ['sandbox', 'malware', 'analysis', 'online', 'submit', 'vxstream', 'sample', 'download', 'trojan', 'apt', 'chromeua', 'optout', 'runtime data', 'ansi', 'pcap processing', 'drmedgeua', 'pcap', 'pcap frame', 'optin', 'edgeua', 'date', 'suspicious', 'hybrid', 'close', 'click', 'hosts', 'april', 'general', 'strings', 'qakbot', 'united', 'https://www.tiuli.com/tracks/21/%D7%9E%D7%92-%D7%A8%D7%A1%D7%94-'], 'references': ['https://hybrid-analysis.com/sample/9a478e33d2a8fa58780b09519e3f9bbbc9a32595e67b7fead10a9ad4ec17a614/6430cb9896a0a8d5f1092b9d', 'https://hybrid-analysis.com/sample/e7d74be84c0b7bd09a96d5932c79d9579a9b2426f8ab43896a77a4b8b11d289a/6430d038f2ba281e660c5ef6', 'http://cdn.lineate-33x.net/static/vpaid/vpaid.98dc0711.js?viewable_impression_url=https://lbs-event.gcp.lineate-33x.net/view?event=AAAAAB7wpEhwdgACAq1WS2xcVxmee8cej0dJIVkgVmjkBWrRnPF5P9pFcCPURiZpEocGsbHO0771vLgzdppUlSpL3VggFbOBLFAViU1WyCuwWHkFkUAoy7AiG5C7qbxC3oT_zkxQG7Hkyrpzzq_v_o_v_85_3Prt5dajy60bRDIplMAacyUNI0KoTSq55jKZEFnaZEQKxjVBIeGAeMQOmYAVwoxEil1yIsZNxqwvh-Px5dtFf7T5__X57X_99Xc_a7T__Y9__v1vq9-7UAXYK-I963rx9kUiTJdS0mW0S_BPyuvDB0WvZ1dFF7dfv1sMwvDeuH3jTpvgLn6rDQbJ32p_KPkb7bXRqBfvRrdeTFYFU10m26-vv3vn-g877', 'https://www.tiuli.com/tracks/21/%D7%9E%D7%92-%D7%A8%D7%A1%D7%94-%D7%91%D7%A7%D7%A2%D7%AA-%D7%91%D7%99%D7%AA-%D7%A6%D7%99%D7%93%D7%94'], 'public': 1, 'adversary': '', 'targeted_countries': [], 'malware_families': [], 'attack_ids': [{'id': 'T1071', 'name': 'Application Layer Protocol', 'display_name': 'T1071 - Application Layer Protocol'}, {'id': 'T1083', 'name': 'File and Directory Discovery', 'display_name': 'T1083 - File and Directory Discovery'}, {'id': 'T1105', 'name': 'Ingress Tool Transfer', 'display_name': 'T1105 - Ingress Tool Transfer'}, {'id': 'T1574', 'name': 'Hijack Execution Flow', 'display_name': 'T1574 - Hijack Execution Flow'}], 'industries': [], 'TLP': 'white', 'cloned_from': None, 'export_count': 4, 'upvotes_count': 0, 'downvotes_count': 0, 'votes_count': 0, 'locked': False, 'pulse_source': 'web', 'validator_count': 0, 'comment_count': 0, 'follower_count': 0, 'vote': 0, 'author': {'username': 'callmeDoris', 'id': '205385', 'avatar_url': 'https://otx.alienvault.com/assets/images/default-avatar.png', 'is_subscribed': False, 'is_following': False}, 'indicator_type_counts': {'URL': 4962, 'hostname': 1795, 'FileHash-SHA256': 781, 'domain': 712, 'email': 4, 'FileHash-MD5': 164, 'FileHash-SHA1': 159}, 'indicator_count': 8577, 'is_author': False, 'is_subscribing': None, 'subscriber_count': 51, 'modified_text': '154 days ago ', 'is_modified': True, 'groups': [], 'in_group': False, 'threat_hunter_scannable': True, 'threat_hunter_has_agents': 1, 'related_indicator_type': 'IPv4', 'related_indicator_is_active': 0}, {'id': '6231ee27e6834a707de700ae', 'name': 'LCIA:HoneyNet:2022', 'description': ""Louisiana Cyber Investigators Alliance (LCIA): HoneyPot Suricata Log: 2022 A unified coordinated group of federal, state, local law enforcement, as well as LA ESF-17 members, focused onsafeguarding Louisiana's networks through collaborative vigilance and thorough investigations http://www.la-safe.org"", 'modified': '2023-01-30T23:00:04.143000', 'created': '2022-03-16T14:03:19.241000', 'tags': ['tsec', 'tpot19', 'honeypot', 'la-safe.org'], 'references': [], 'public': 1, 'adversary': '', 'targeted_countries': [], 'malware_families': [], 'attack_ids': [], 'industries': [], 'TLP': 'green', 'cloned_from': None, 'export_count': 83, 'upvotes_count': 0, 'downvotes_count': 0, 'votes_count': 0, 'locked': False, 'pulse_source': 'api', 'validator_count': 0, 'comment_count': 0, 'follower_count': 0, 'vote': 0, 'author': {'username': 'dm_lacia', 'id': '132921', 'avatar_url': 'https://otx.alienvault.com/assets/images/default-avatar.png', 'is_subscribed': False, 'is_following': False}, 'indicator_type_counts': {}, 'indicator_count': 0, 'is_author': False, 'is_subscribing': None, 'subscriber_count': 274, 'modified_text': '251 days ago ', 'is_modified': True, 'groups': [], 'in_group': False, 'threat_hunter_scannable': False, 'threat_hunter_has_agents': 1, 'related_indicator_type': 'IPv4', 'related_indicator_is_active': 0}, {'id': '62e64570424542f6b1d0ed7c', 'name': 'LCIA:HoneyNet:2022', 'description': ""Louisiana Cyber Investigators Alliance (LCIA): HoneyPot Suricata Log: 2022 A unified coordinated group of federal, state, local law enforcement, as well as LA ESF-17 members, focused onsafeguarding Louisiana's networks through collaborative vigilance and thorough investigations http://www.la-safe.org"", 'modified': '2023-01-30T23:00:04.143000', 'created': '2022-07-31T09:03:44.592000', 'tags': ['tsec', 'tpot19', 'honeypot', 'la-safe.org'], 'references': [], 'public': 1, 'adversary': '', 'targeted_countries': [], 'malware_families': [], 'attack_ids': [], 'industries': [], 'TLP': 'green', 'cloned_from': None, 'export_count': 11, 'upvotes_count': 0, 'downvotes_count': 0, 'votes_count': 0, 'locked': False, 'pulse_source': 'api', 'validator_count': 0, 'comment_count': 0, 'follower_count': 0, 'vote': 0, 'author': {'username': 'ladarrellmiller', 'id': '111524', 'avatar_url': 'https://otx.alienvault.com/assets/images/default-avatar.png', 'is_subscribed': False, 'is_following': False}, 'indicator_type_counts': {}, 'indicator_count': 0, 'is_author': False, 'is_subscribing': None, 'subscriber_count': 229, 'modified_text': '251 days ago ', 'is_modified': True, 'groups': [], 'in_group': False, 'threat_hunter_scannable': False, 'threat_hunter_has_agents': 1, 'related_indicator_type': 'IPv4', 'related_indicator_is_active': 0}, {'id': '62be3976a705779429e83810', 'name': 'LCIA:HoneyNet:July 2022', 'description': ""Louisiana Cyber Investigators Alliance (LCIA): HoneyPot Suricata Log: 2022 A unified coordinated group of federal, state, local law enforcement, as well as LA ESF-17 members, focused onsafeguarding Louisiana's networks through collaborative vigilance and thorough investigations http://www.la-safe.org"", 'modified': '2022-08-30T23:02:25.105000', 'created': '2022-07-01T00:01:58.649000', 'tags': ['tsec', 'tpot19', 'honeypot', 'la-safe.org'], 'references': [], 'public': 1, 'adversary': '', 'targeted_countries': [], 'malware_families': [], 'attack_ids': [], 'industries': [], 'TLP': 'green', 'cloned_from': None, 'export_count': 6, 'upvotes_count': 0, 'downvotes_count': 0, 'votes_count': 0, 'locked': False, 'pulse_source': 'api', 'validator_count': 0, 'comment_count': 0, 'follower_count': 0, 'vote': 0, 'author': {'username': 'dm_lacia', 'id': '132921', 'avatar_url': 'https://otx.alienvault.com/assets/images/default-avatar.png', 'is_subscribed': False, 'is_following': False}, 'indicator_type_counts': {}, 'indicator_count': 0, 'is_author': False, 'is_subscribing': None, 'subscriber_count': 198, 'modified_text': '404 days ago ', 'is_modified': True, 'groups': [], 'in_group': False, 'threat_hunter_scannable': False, 'threat_hunter_has_agents': 1, 'related_indicator_type': 'IPv4', 'related_indicator_is_active': 0}, {'id': '62dc1bfb27d42860753d310d', 'name': 'LCIA:HoneyNet:July 2022', 'description': ""Louisiana Cyber Investigators Alliance (LCIA): HoneyPot Suricata Log: 2022 A unified coordinated group of federal, state, local law enforcement, as well as LA ESF-17 members, focused onsafeguarding Louisiana's networks through collaborative vigilance and thorough investigations http://www.la-safe.org"", 'modified': '2022-08-30T23:02:25.105000', 'created': '2022-07-23T16:04:11.173000', 'tags': ['tsec', 'tpot19', 'honeypot', 'la-safe.org'], 'references': [], 'public': 1, 'adversary': '', 'targeted_countries': [], 'malware_families': [], 'attack_ids': [], 'industries': [], 'TLP': 'green', 'cloned_from': None, 'export_count': 15, 'upvotes_count': 0, 'downvotes_count': 0, 'votes_count': 0, 'locked': False, 'pulse_source': 'api', 'validator_count': 0, 'comment_count': 0, 'follower_count': 0, 'vote': 0, 'author': {'username': 'ladarrellmiller', 'id': '111524', 'avatar_url': 'https://otx.alienvault.com/assets/images/default-avatar.png', 'is_subscribed': False, 'is_following': False}, 'indicator_type_counts': {}, 'indicator_count': 0, 'is_author': False, 'is_subscribing': None, 'subscriber_count': 198, 'modified_text': '404 days ago ', 'is_modified': True, 'groups': [], 'in_group': False, 'threat_hunter_scannable': False, 'threat_hunter_has_agents': 1, 'related_indicator_type': 'IPv4', 'related_indicator_is_active': 0}, {'id': '62298f3e6e3fb7012a880988', 'name': 'a.pub.network:timcast-com:pubfig.min.js', 'description': 'a.pub.network:timcast-com:pubfig.min.js.webloc', 'modified': '2022-06-12T22:01:23.105000', 'created': '2022-03-10T05:40:14.909000', 'tags': [], 'references': ['a.pub.network:timcast-com:pubfig.min.js.webloc'], 'public': 1, 'adversary': '', 'targeted_countries': [], 'malware_families': [], 'attack_ids': [], 'industries': [], 'TLP': 'white', 'cloned_from': None, 'export_count': 3, 'upvotes_count': 0, 'downvotes_count': 0, 'votes_count': 0, 'locked': False, 'pulse_source': 'web', 'validator_count': 0, 'comment_count': 0, 'follower_count': 0, 'vote': 0, 'author': {'username': 'scnrscnr', 'id': '126475', 'avatar_url': '/otxapi/users/avatar_image/media/avatars/user_126475/resized/80/avatar_67ca5b7bae.png', 'is_subscribed': False, 'is_following': False}, 'indicator_type_counts': {'URL': 2786, 'FileHash-SHA256': 955, 'hostname': 1095, 'FileHash-MD5': 66, 'FileHash-SHA1': 24, 'domain': 416, 'email': 1, 'CIDR': 5, 'SSLCertFingerprint': 14, 'CVE': 1}, 'indicator_count': 5363, 'is_author': False, 'is_subscribing': None, 'subscriber_count': 59, 'modified_text': '483 days ago ', 'is_modified': True, 'groups': [], 'in_group': False, 'threat_hunter_scannable': True, 'threat_hunter_has_agents': 1, 'related_indicator_type': 'IPv4', 'related_indicator_is_active': 0}, {'id': '6261d03aabbda60f20fcdae8', 'name': 'COMUNICACION MALICIOSA | CON URL: https://www.hubspot.com/', 'description': 'Se identifica comunicación maliciosa con url gestionada a través de AnyRun para entidad privada, donde se evidencia su comunicación Red maliciosa con diferentes tipos de indicador malicioso, este seguimiento identificó 70 conexiones maliciosas evidenciadas de igual manera en seguimiento virus total: https://www.virustotal.com/graph/embed/g19eed6b1e021415ab979c9c57304be0cf9389545a2304f708053c3b4629c7cc3,', 'modified': '2022-05-21T00:03:44.725000', 'created': '2022-04-21T21:44:26.941000', 'tags': [], 'references': ['https://www.virustotal.com/graph/embed/g19eed6b1e021415ab979c9c57304be0cf9389545a2304f708053c3b4629c7cc3', 'https://app.any.run/tasks/f2df7d99-44c1-4cf7-9c4e-7979e2b1d6cd/', 'https://www.alertasyseguridad.com/'], 'public': 1, 'adversary': '', 'targeted_countries': [], 'malware_families': [{'id': 'Win32/Adware.Agent', 'display_name': 'Win32/Adware.Agent', 'target': None}], 'attack_ids': [], 'industries': [], 'TLP': 'white', 'cloned_from': None, 'export_count': 0, 'upvotes_count': 0, 'downvotes_count': 0, 'votes_count': 0, 'locked': False, 'pulse_source': 'web', 'validator_count': 0, 'comment_count': 0, 'follower_count': 0, 'vote': 0, 'author': {'username': 'esoporteingenieria2020', 'id': '121604', 'avatar_url': '/otxapi/users/avatar_image/media/avatars/user_121604/resized/80/avatar_3b9c358f36.png', 'is_subscribed': False, 'is_following': False}, 'indicator_type_counts': {'hostname': 5, 'domain': 1, 'URL': 3, 'FileHash-MD5': 5, 'FileHash-SHA1': 5, 'FileHash-SHA256': 18}, 'indicator_count': 37, 'is_author': False, 'is_subscribing': None, 'subscriber_count': 113, 'modified_text': '506 days ago ', 'is_modified': True, 'groups': [], 'in_group': False, 'threat_hunter_scannable': True, 'threat_hunter_has_agents': 1, 'related_indicator_type': 'IPv4', 'related_indicator_is_active': 0}], 'references': ['https://www.virustotal.com/graph/g9b4ed0fc63264fffaaaf48e3e15b5e8206c3a855780244ac96c17b388b99144b', 'https://www.tiuli.com/tracks/21/%D7%9E%D7%92-%D7%A8%D7%A1%D7%94-%D7%91%D7%A7%D7%A2%D7%AA-%D7%91%D7%99%D7%AA-%D7%A6%D7%99%D7%93%D7%94', 'https://hybrid-analysis.com/sample/d0575e4cea70f4b5dc0b5195230f4cc7094348cc2816503743a491237c8dad33/6430ce66c0fcdd65900db340', 'https://www.tiuli.com/special/19/%D7%98%D7%99%D7%95%D7%9C%D7%99-%D7%97%D7%91%D7%A8-%D7%94?video=Qrmt4JW6WpQ', 'https://www.virustotal.com/graph/embed/g19eed6b1e021415ab979c9c57304be0cf9389545a2304f708053c3b4629c7cc3', 'http://cdn.lineate-33x.net/static/vpaid/vpaid.98dc0711.js?viewable_impression_url=https://lbs-event.gcp.lineate-33x.net/view?event=AAAAAB7wpEhwdgACAq1WS2xcVxmee8cej0dJIVkgVmjkBWrRnPF5P9pFcCPURiZpEocGsbHO0771vLgzdppUlSpL3VggFbOBLFAViU1WyCuwWHkFkUAoy7AiG5C7qbxC3oT_zkxQG7Hkyrpzzq_v_o_v_85_3Prt5dajy60bRDIplMAacyUNI0KoTSq55jKZEFnaZEQKxjVBIeGAeMQOmYAVwoxEil1yIsZNxqwvh-Px5dtFf7T5__X57X_99Xc_a7T__Y9__v1vq9-7UAXYK-I963rx9kUiTJdS0mW0S_BPyuvDB0WvZ1dFF7dfv1sMwvDeuH3jTpvgLn6rDQbJ32p_KPkb7bXRqBfvRrdeTFYFU10m26-vv3vn-g877', 'https://app.any.run/tasks/f2df7d99-44c1-4cf7-9c4e-7979e2b1d6cd/', 'https://www.alertasyseguridad.com/', 'https://hybrid-analysis.com/sample/9a478e33d2a8fa58780b09519e3f9bbbc9a32595e67b7fead10a9ad4ec17a614/6430cb9896a0a8d5f1092b9d', 'https://hybrid-analysis.com/sample/e7d74be84c0b7bd09a96d5932c79d9579a9b2426f8ab43896a77a4b8b11d289a/6430d038f2ba281e660c5ef6', 'a.pub.network:timcast-com:pubfig.min.js.webloc'], 'related': {'alienvault': {'adversary': [], 'malware_families': [], 'industries': []}, 'other': {'adversary': ['Qakbot'], 'malware_families': ['Win32/adware.agent'], 'industries': []}}}",[],"[{'source': 'cloud', 'message': 'In cloud provider range: provider=google', 'name': 'Cloud Provider IP range'}]",AS15169 google llc,True,Kansas City,MO,NA,USA,US,MO,39.1027,64121,-94.5778,1000,US,United States of America,616,0,0,/assets/images/flags/us.png,United States of America,"['general', 'geo', 'reputation', 'url_list', 'passive_dns', 'malware', 'nids_list', 'http_scans']"
http://whois.domaintools.com/20.197.71.89,0,20.197.71.89,IPv4,IPv4,"{'id': 3146450889, 'indicator': '20.197.71.89', 'type': 'IPv4', 'title': '', 'description': '', 'content': '', 'access_type': 'public', 'access_reason': ''}","{'count': 2, 'pulses': [{'id': '625f88a4a840ea15236a53d4', 'name': 'pc connections', 'description': 'pulled from router', 'modified': '2022-05-20T00:01:19.453000', 'created': '2022-04-20T04:14:28.377000', 'tags': ['established', 'assured', 'timewait', 'unreplied', 'close', 'proto nated', 'address state', 'synrecv'], 'references': [], 'public': 1, 'adversary': '', 'targeted_countries': [], 'malware_families': [], 'attack_ids': [], 'industries': [], 'TLP': 'white', 'cloned_from': None, 'export_count': 0, 'upvotes_count': 0, 'downvotes_count': 0, 'votes_count': 0, 'locked': False, 'pulse_source': 'web', 'validator_count': 0, 'comment_count': 0, 'follower_count': 0, 'vote': 0, 'author': {'username': 'AIDefenseNet', 'id': '102874', 'avatar_url': 'https://otx.alienvault.com/assets/images/default-avatar.png', 'is_subscribed': False, 'is_following': False}, 'indicator_type_counts': {'URL': 63}, 'indicator_count': 63, 'is_author': False, 'is_subscribing': None, 'subscriber_count': 64, 'modified_text': '507 days ago ', 'is_modified': True, 'groups': [], 'in_group': False, 'threat_hunter_scannable': False, 'threat_hunter_has_agents': 1, 'related_indicator_type': 'IPv4', 'related_indicator_is_active': 0}, {'id': '6224038d9cdc7d2f965717b9', 'name': 'PC slow @ connections', 'description': '""Non-existent"" - this is the full text of the text that will appear when the system is restarted on Tuesday, 1 July.. and it will take up to two weeks to complete.', 'modified': '2022-04-05T00:01:21.136000', 'created': '2022-03-06T00:42:53.292000', 'tags': ['system process', 'timewait', 'established', 'udpv6', 'tcpv6', 'desktop2q8d4e6', 'system', 'nvidia web', 'closewait', 'listening', 'finwait2', 'finwait2 nvidia'], 'references': [], 'public': 1, 'adversary': '', 'targeted_countries': [], 'malware_families': [], 'attack_ids': [], 'industries': [], 'TLP': 'white', 'cloned_from': None, 'export_count': 0, 'upvotes_count': 0, 'downvotes_count': 0, 'votes_count': 0, 'locked': False, 'pulse_source': 'web', 'validator_count': 0, 'comment_count': 0, 'follower_count': 0, 'vote': 0, 'author': {'username': 'AIDefenseNet', 'id': '102874', 'avatar_url': 'https://otx.alienvault.com/assets/images/default-avatar.png', 'is_subscribed': False, 'is_following': False}, 'indicator_type_counts': {'URL': 21, 'FileHash-SHA256': 4, 'domain': 1, 'hostname': 24}, 'indicator_count': 50, 'is_author': False, 'is_subscribing': None, 'subscriber_count': 65, 'modified_text': '552 days ago ', 'is_modified': True, 'groups': [], 'in_group': False, 'threat_hunter_scannable': True, 'threat_hunter_has_agents': 1, 'related_indicator_type': 'IPv4', 'related_indicator_is_active': 0}], 'references': [], 'related': {'alienvault': {'adversary': [], 'malware_families': [], 'industries': []}, 'other': {'adversary': [], 'malware_families': [], 'industries': []}}}",[],"[{'source': 'cloud', 'message': 'In cloud provider range: provider=azure', 'name': 'Cloud Provider IP range'}]",AS8075 microsoft corporation,True,Singapore,,AS,SGP,SG,,1.2929,18,103.8547,1000,SG,Singapore,0,0,0,/assets/images/flags/sg.png,Singapore,"['general', 'geo', 'reputation', 'url_list', 'passive_dns', 'malware', 'nids_list', 'http_scans']"
http://whois.domaintools.com/74.125.204.188,0,74.125.204.188,IPv4,IPv4,"{'id': 3454755209, 'indicator': '74.125.204.188', 'type': 'IPv4', 'title': '', 'description': '', 'content': '', 'access_type': 'public', 'access_reason': ''}","{'count': 0, 'pulses': [], 'references': [], 'related': {'alienvault': {'adversary': [], 'malware_families': [], 'industries': []}, 'other': {'adversary': [], 'malware_families': [], 'industries': []}}}",[],"[{'source': 'whitelist', 'message': 'contained in whitelisted prefix', 'name': 'Whitelisted IP'}]",AS15169 google llc,True,,,NA,USA,US,,37.751,,-97.822,1000,US,United States of America,0,0,0,/assets/images/flags/us.png,United States of America,"['general', 'geo', 'reputation', 'url_list', 'passive_dns', 'malware', 'nids_list', 'http_scans']"
http://whois.domaintools.com/89.248.163.88,0,89.248.163.88,IPv4,IPv4,"{'id': 3767964610, 'indicator': '89.248.163.88', 'type': 'IPv4', 'title': '', 'description': '', 'content': '', 'access_type': 'public', 'access_reason': ''}","{'count': 0, 'pulses': [], 'references': [], 'related': {'alienvault': {'adversary': [], 'malware_families': [], 'industries': []}, 'other': {'adversary': [], 'malware_families': [], 'industries': []}}}",[],[],AS202425 ip volume inc,True,,,EU,GBR,GB,,51.4964,,-0.1224,200,GB,United Kingdom of Great Britain and Northern Ireland,0,0,0,/assets/images/flags/gb.png,United Kingdom of Great Britain and Northern Ireland,"['general', 'geo', 'reputation', 'url_list', 'passive_dns', 'malware', 'nids_list', 'http_scans']"
http://whois.domaintools.com/91.108.56.186,0,91.108.56.186,IPv4,IPv4,{},"{'count': 0, 'pulses': [], 'references': [], 'related': {'alienvault': {'adversary': [], 'malware_families': [], 'industries': []}, 'other': {'adversary': [], 'malware_families': [], 'industries': []}}}",[],[],AS62014 telegram messenger inc,True,,,NA,ATG,AG,,17.0481,,-61.8045,50,AG,Antigua and Barbuda,0,0,0,/assets/images/flags/ag.png,Antigua and Barbuda,"['general', 'geo', 'reputation', 'url_list', 'passive_dns', 'malware', 'nids_list', 'http_scans']"
http://whois.domaintools.com/91.108.56.141,0,91.108.56.141,IPv4,IPv4,{},"{'count': 0, 'pulses': [], 'references': [], 'related': {'alienvault': {'adversary': [], 'malware_families': [], 'industries': []}, 'other': {'adversary': [], 'malware_families': [], 'industries': []}}}",[],[],AS62014 telegram messenger inc,True,,,NA,ATG,AG,,17.0481,,-61.8045,50,AG,Antigua and Barbuda,0,0,0,/assets/images/flags/ag.png,Antigua and Barbuda,"['general', 'geo', 'reputation', 'url_list', 'passive_dns', 'malware', 'nids_list', 'http_scans']"
http://whois.domaintools.com/34.120.214.181,0,34.120.214.181,IPv4,IPv4,{},"{'count': 0, 'pulses': [], 'references': [], 'related': {'alienvault': {'adversary': [], 'malware_families': [], 'industries': []}, 'other': {'adversary': [], 'malware_families': [], 'industries': []}}}",[],[],AS396982 google,True,Kansas City,MO,NA,USA,US,MO,39.1027,64121,-94.5778,1000,US,United States of America,616,0,0,/assets/images/flags/us.png,United States of America,"['general', 'geo', 'reputation', 'url_list', 'passive_dns', 'malware', 'nids_list', 'http_scans']"
http://whois.domaintools.com/74.125.23.188,0,74.125.23.188,IPv4,IPv4,{},"{'count': 0, 'pulses': [], 'references': [], 'related': {'alienvault': {'adversary': [], 'malware_families': [], 'industries': []}, 'other': {'adversary': [], 'malware_families': [], 'industries': []}}}",[],"[{'source': 'whitelist', 'message': 'contained in whitelisted prefix', 'name': 'Whitelisted IP'}]",AS15169 google llc,True,,,NA,USA,US,,37.751,,-97.822,1000,US,United States of America,0,0,0,/assets/images/flags/us.png,United States of America,"['general', 'geo', 'reputation', 'url_list', 'passive_dns', 'malware', 'nids_list', 'http_scans']"
http://whois.domaintools.com/34.125.244.97,0,34.125.244.97,IPv4,IPv4,{},"{'count': 0, 'pulses': [], 'references': [], 'related': {'alienvault': {'adversary': [], 'malware_families': [], 'industries': []}, 'other': {'adversary': [], 'malware_families': [], 'industries': []}}}",[],"[{'source': 'cloud', 'message': 'In cloud provider range: provider=google', 'name': 'Cloud Provider IP range'}]",AS396982 google,True,Las Vegas,NV,NA,USA,US,NV,36.1685,89101,-115.1164,1000,US,United States of America,839,0,0,/assets/images/flags/us.png,United States of America,"['general', 'geo', 'reputation', 'url_list', 'passive_dns', 'malware', 'nids_list', 'http_scans']"
http://whois.domaintools.com/159.148.147.201,0,159.148.147.201,IPv4,IPv4,"{'id': 2257818960, 'indicator': '159.148.147.201', 'type': 'IPv4', 'title': '', 'description': '', 'content': '', 'access_type': 'public', 'access_reason': ''}","{'count': 0, 'pulses': [], 'references': [], 'related': {'alienvault': {'adversary': [], 'malware_families': [], 'industries': []}, 'other': {'adversary': [], 'malware_families': [], 'industries': []}}}",[],[],AS51894 mikrotikls sia,True,,,EU,LVA,LV,,57.0,,25.0,50,LV,Latvia,0,0,0,/assets/images/flags/lv.png,Latvia,"['general', 'geo', 'reputation', 'url_list', 'passive_dns', 'malware', 'nids_list', 'http_scans']"
http://whois.domaintools.com/159.148.172.251,0,159.148.172.251,IPv4,IPv4,"{'id': 2255804991, 'indicator': '159.148.172.251', 'type': 'IPv4', 'title': '', 'description': '', 'content': '', 'access_type': 'public', 'access_reason': ''}","{'count': 0, 'pulses': [], 'references': [], 'related': {'alienvault': {'adversary': [], 'malware_families': [], 'industries': []}, 'other': {'adversary': [], 'malware_families': [], 'industries': []}}}",[],[],AS51894 mikrotikls sia,True,Riga,RIX,EU,LVA,LV,RIX,56.9496,LV-1058,24.0978,1,LV,Latvia,0,0,0,/assets/images/flags/lv.png,Latvia,"['general', 'geo', 'reputation', 'url_list', 'passive_dns', 'malware', 'nids_list', 'http_scans']"
